id,full name,formdate,jan,feb,mar,apr,may,jun,jul
1,Colaptes campestroides,22,26,7,29,19,2,24,12
2,Phalacrocorax carbo,22,12,24,3,14,6,22,13
3,Kobus defassa,22,9,21,19,9,5,23,19
4,Felis serval,22,8,12,19,2,19,13,22
5,Dusicyon thous,22,27,19,27,30,7,7,20
6,Merops bullockoides,22,10,13,3,1,27,12,12
7,Lamprotornis superbus,22,21,11,3,9,26,23,10
8,Pandon haliaetus,22,11,5,10,8,1,20,9
9,Herpestes javanicus,22,11,19,13,11,20,3,11
10,Canis aureus,22,9,1,24,2,9,22,17
11,Fulica cristata,22,6,2,29,3,16,31,10
12,Pycnonotus nigricans,22,29,23,12,16,10,18,9
13,Cordylus giganteus,22,13,6,4,11,5,27,19
14,Tauraco porphyrelophus,22,13,30,16,6,29,4,16
15,Macaca mulatta,22,29,6,1,1,11,6,7
16,Zenaida asiatica,22,10,1,5,12,19,10,5
17,Echimys chrysurus,22,22,25,10,13,28,14,21
18,Neophron percnopterus,22,4,16,29,26,28,7,6
19,Phaethon aethereus,22,9,28,9,4,28,27,13
20,Tiliqua scincoides,22,11,29,7,14,19,28,26
21,Oryx gazella callotis,22,25,26,10,22,8,15,6
22,Colaptes campestroides,22,13,8,5,14,19,31,20
23,Panthera leo persica,22,19,14,14,9,27,26,3
24,Dasypus novemcinctus,22,2,27,30,16,11,10,23
25,Zonotrichia capensis,22,22,13,23,30,11,15,30
26,Butorides striatus,22,9,27,15,11,2,27,27
27,Neotoma sp.,22,8,26,8,13,9,12,15
28,Dicrostonyx groenlandicus,22,29,11,4,16,27,22,12
29,Martes pennanti,22,25,3,6,16,31,7,8
30,Colaptes campestroides,22,28,23,4,6,30,11,9
31,Pycnonotus nigricans,22,24,31,23,1,4,19,13
32,Hystrix cristata,22,29,23,27,14,2,15,30
33,Panthera onca,22,15,20,7,23,13,10,8
34,Tockus erythrorhyncus,22,25,21,6,23,1,24,3
35,Ammospermophilus nelsoni,22,21,4,26,16,8,4,27
36,Colobus guerza,22,15,13,16,14,17,12,5
37,Limnocorax flavirostra,22,21,30,24,4,3,27,11
38,Dasypus novemcinctus,22,12,13,1,26,18,24,7
39,Mirounga leonina,22,1,30,6,14,4,7,5
40,Bucorvus leadbeateri,22,12,19,27,4,7,26,31
41,Sarcorhamphus papa,22,10,29,27,15,30,18,26
42,Neotis denhami,22,21,1,26,12,23,16,10
43,Dasypus septemcincus,22,17,22,24,12,5,12,22
44,Hippotragus equinus,22,22,7,26,3,22,12,19
45,Pan troglodytes,22,1,12,4,31,1,28,21
46,Sarkidornis melanotos,22,13,8,23,3,10,1,11
47,Streptopelia senegalensis,22,15,12,1,20,5,1,8
48,Aonyx capensis,22,3,29,7,29,16,31,11
49,Hymenolaimus malacorhynchus,22,28,4,13,30,13,10,29
50,Corvus albus,22,4,14,13,14,3,26,16
51,Crotalus triseriatus,22,12,31,14,31,3,13,13
52,Caiman crocodilus,22,14,4,11,12,8,29,27
53,Irania gutteralis,22,29,17,13,14,1,29,12
54,Lamprotornis nitens,22,31,22,15,30,8,24,30
55,Petaurus breviceps,22,6,19,15,6,27,5,3
56,Psittacula krameri,22,22,7,11,28,16,17,10
57,Diceros bicornis,22,12,1,12,28,9,7,7
58,Amblyrhynchus cristatus,22,27,9,9,9,6,16,24
59,Agouti paca,22,13,7,20,28,27,11,28
60,Cervus duvauceli,22,25,25,1,24,13,28,14
61,Ephipplorhynchus senegalensis,22,13,29,10,26,4,7,13
62,Terrapene carolina,22,6,23,23,19,3,4,3
63,Amphibolurus barbatus,22,12,14,9,20,23,26,27
64,Scolopax minor,22,22,12,5,5,31,28,4
65,Suricata suricatta,22,12,13,23,7,25,18,15
66,Choloepus hoffmani,22,30,9,17,21,1,16,30
67,Vanessa indica,22,18,1,10,20,12,30,19
68,Hystrix indica,22,15,17,15,5,11,12,24
69,Acanthaster planci,22,21,11,9,16,27,27,9
70,Fulica cristata,22,6,20,23,18,20,16,8
71,Varanus salvator,22,4,28,31,17,17,28,10
72,Carduelis uropygialis,22,6,23,2,17,21,26,12
73,Sciurus niger,22,16,16,13,1,5,15,1
74,Mungos mungo,22,15,28,8,15,16,28,21
75,Alouatta seniculus,22,20,26,27,4,14,7,25
76,Butorides striatus,22,19,26,7,1,2,1,5
77,Mazama gouazoubira,22,28,21,20,2,20,21,1
78,Hystrix cristata,22,24,4,29,13,19,21,9
79,Galictis vittata,22,25,31,31,20,28,24,19
80,Trichosurus vulpecula,22,5,8,5,25,25,18,25
81,Aegypius tracheliotus,22,10,6,7,26,29,4,30
82,Colaptes campestroides,22,23,14,4,26,11,13,25
83,Cordylus giganteus,22,30,1,5,25,15,22,12
84,Pelecanus conspicillatus,22,9,10,16,11,10,30,27
85,Pteropus rufus,22,22,28,17,14,18,13,11
86,Lybius torquatus,22,22,31,18,7,28,31,12
87,Felis chaus,22,15,5,21,19,14,17,18
88,Genetta genetta,22,15,20,11,31,8,9,10
89,Pseudocheirus peregrinus,22,29,21,22,14,2,14,7
90,Papilio canadensis,22,11,8,15,29,11,24,31
91,Graspus graspus,22,29,6,22,4,15,16,30
92,Procyon cancrivorus,22,28,21,15,20,23,13,5
93,Corallus hortulanus cooki,22,21,25,18,23,27,6,5
94,Marmota monax,22,6,17,15,10,5,13,12
95,Tiliqua scincoides,22,6,12,31,11,9,2,28
96,Chlidonias leucopterus,22,3,25,7,11,31,17,19
97,Conolophus subcristatus,22,13,24,10,13,28,5,24
98,Nyctereutes procyonoides,22,30,28,17,4,13,21,8
99,Taxidea taxus,22,17,13,14,29,30,1,4
100,Zalophus californicus,22,1,11,9,30,14,13,14
101,Haematopus ater,22,29,23,23,20,3,12,24
102,Leprocaulinus vipera,22,23,2,31,18,11,25,29
103,Lepilemur rufescens,22,3,9,17,11,20,26,9
104,Cochlearius cochlearius,22,25,12,18,24,18,5,14
105,Choloepus hoffmani,22,11,16,2,12,2,14,6
106,Spermophilus lateralis,22,17,29,24,30,4,9,13
107,Crocodylus niloticus,22,5,16,6,8,5,11,26
108,Anastomus oscitans,22,19,12,9,4,14,26,23
109,Casmerodius albus,22,28,8,3,17,3,23,31
110,Anas bahamensis,22,10,2,9,18,11,18,15
111,Coluber constrictor,22,20,29,1,20,10,22,13
112,Grus rubicundus,22,14,8,22,9,19,6,23
113,Butorides striatus,22,31,13,23,23,7,17,31
114,Paradoxurus hermaphroditus,22,28,22,21,1,17,21,14
115,Leptoptilos crumeniferus,22,26,22,24,24,21,9,7
116,Gymnorhina tibicen,22,14,8,14,16,19,24,8
117,Fregata magnificans,22,17,7,27,21,25,24,7
118,Anas bahamensis,22,25,20,2,31,29,5,29
119,Alopochen aegyptiacus,22,13,9,4,30,3,8,13
120,Terathopius ecaudatus,22,31,25,3,4,18,1,5
121,Anas bahamensis,22,7,6,20,22,7,5,9
122,Ictonyx striatus,22,23,18,5,12,10,10,25
123,Cebus albifrons,22,16,31,1,22,8,30,11
124,Alcelaphus buselaphus caama,22,20,30,26,8,6,31,9
125,Platalea leucordia,22,24,25,12,25,2,14,17
126,Colobus guerza,22,5,9,4,15,15,16,16
127,Cereopsis novaehollandiae,22,3,14,5,9,16,5,30
128,Melursus ursinus,22,10,9,20,31,18,31,21
129,Pseudalopex gymnocercus,22,8,19,16,21,30,5,5
130,Phalacrocorax niger,22,18,27,3,4,20,9,24
131,Varanus salvator,22,7,1,31,20,4,18,9
132,Ursus americanus,22,8,28,25,11,6,3,8
133,unavailable,22,11,5,24,14,1,19,6
134,Macropus agilis,22,21,21,12,20,16,6,4
135,Varanus salvator,22,7,17,17,15,3,27,1
136,Gopherus agassizii,22,10,3,7,27,28,29,5
137,Panthera leo,22,9,6,16,8,11,23,15
138,Cereopsis novaehollandiae,22,23,13,18,24,10,12,22
139,Marmota monax,22,21,25,29,10,16,8,17
140,Grus canadensis,22,12,6,7,3,7,4,15
141,Pteropus rufus,22,14,7,13,5,10,28,19
142,Aquila chrysaetos,22,8,17,21,13,10,29,16
143,Macropus fuliginosus,22,8,2,1,14,12,16,21
144,Butorides striatus,22,4,15,16,9,18,2,19
145,Lemur catta,22,12,28,6,5,5,22,3
146,unavailable,22,26,26,8,8,22,17,8
147,Passer domesticus,22,18,7,31,12,18,9,25
148,Otaria flavescens,22,5,23,19,6,30,7,3
149,Oxybelis fulgidus,22,28,2,7,22,14,29,11
150,Ursus arctos,22,5,1,15,25,8,18,18
151,Tamandua tetradactyla,22,22,20,22,8,3,27,28
152,Tachybaptus ruficollis,22,4,25,27,20,6,22,20
153,Chlidonias leucopterus,22,25,15,31,23,28,13,4
154,Phalaropus lobatus,22,22,26,15,23,19,25,10
155,Felis silvestris lybica,22,12,26,26,27,23,13,9
156,Gopherus agassizii,22,27,16,2,25,17,18,4
157,Sciurus vulgaris,22,21,14,29,27,1,1,3
158,Gabianus pacificus,22,4,29,14,18,27,24,11
159,Cebus apella,22,15,29,6,23,3,11,5
160,Trichosurus vulpecula,22,15,4,11,19,31,12,21
161,Ninox superciliaris,22,19,8,19,6,8,9,25
162,Eudromia elegans,22,17,19,9,4,8,2,10
163,Cervus canadensis,22,12,6,26,10,19,25,30
164,Bucorvus leadbeateri,22,13,30,24,4,26,31,7
165,Dicrostonyx groenlandicus,22,11,3,10,16,29,18,16
166,Aonyx capensis,22,8,19,16,6,10,3,12
167,Nasua narica,22,28,12,6,4,17,11,10
168,Ardea cinerea,22,23,22,19,31,10,29,8
169,Oxybelis sp.,22,8,6,6,2,6,17,21
170,Antilope cervicapra,22,29,10,30,17,15,4,31
171,Echimys chrysurus,22,12,30,25,16,11,23,16
172,Ceryle rudis,22,14,31,25,14,27,19,18
173,Sciurus niger,22,23,21,26,31,21,2,27
174,Geococcyx californianus,22,20,28,27,5,18,28,2
175,Macropus agilis,22,9,21,19,28,26,2,19
176,Trichosurus vulpecula,22,21,19,7,10,10,6,18
177,Geochelone elephantopus,22,5,24,6,20,15,12,8
178,Crocodylus niloticus,22,19,4,21,22,1,30,31
179,Cervus elaphus,22,6,18,25,21,3,28,6
180,Columba livia,22,16,19,1,6,18,28,17
181,Bos frontalis,22,9,14,11,14,23,22,16
182,Papio cynocephalus,22,30,27,16,9,4,23,26
183,Coracias caudata,22,24,1,26,3,27,30,29
184,Agkistrodon piscivorus,22,1,3,15,25,29,15,28
185,Naja haje,22,14,11,31,17,27,14,29
186,Pelecanus conspicillatus,22,5,27,18,13,9,16,21
187,Larus fuliginosus,22,9,11,16,8,31,27,25
188,Marmota flaviventris,22,21,25,18,13,2,27,19
189,Papio cynocephalus,22,25,22,5,12,29,19,31
190,Toxostoma curvirostre,22,29,20,3,31,15,6,13
191,unavailable,22,18,19,28,20,31,5,30
192,Otaria flavescens,22,12,7,10,25,7,11,25
193,Phoeniconaias minor,22,31,1,26,20,6,21,22
194,Papio cynocephalus,22,22,21,26,11,13,16,16
195,Butorides striatus,22,6,31,18,28,29,10,13
196,Potos flavus,22,12,2,5,5,18,26,20
197,Cervus canadensis,22,4,29,17,9,10,5,1
198,Acrobates pygmaeus,22,18,24,18,20,26,18,3
199,Speotyte cuniculata,22,31,26,11,12,25,16,13
200,Sus scrofa,22,3,4,27,15,24,1,9
201,Varanus salvator,22,10,11,4,6,7,3,4
202,Corvus albicollis,22,19,24,11,7,12,1,23
203,Branta canadensis,22,29,2,9,14,27,7,5
204,Spizaetus coronatus,22,15,10,24,4,14,11,31
205,Leptoptilus dubius,22,9,30,21,9,10,15,15
206,Phascogale calura,22,14,8,27,25,1,25,28
207,Eudromia elegans,22,3,11,4,7,19,22,6
208,Amphibolurus barbatus,22,11,6,4,24,17,3,15
209,Sarcorhamphus papa,22,25,3,21,25,13,5,21
210,Ovis orientalis,22,16,21,3,21,31,1,13
211,Geochelone elegans,22,7,29,25,31,19,19,5
212,Chauna torquata,22,16,26,17,4,21,15,7
213,Mellivora capensis,22,22,25,22,13,5,31,10
214,Streptopelia senegalensis,22,1,8,12,10,3,22,10
215,Papilio canadensis,22,30,3,4,29,10,20,24
216,Colaptes campestroides,22,6,25,7,14,19,30,29
217,Ictonyx striatus,22,11,19,21,27,5,17,6
218,Phascogale calura,22,20,24,19,26,26,1,10
219,Naja haje,22,29,13,8,21,13,23,26
220,Alouatta seniculus,22,5,20,12,26,10,14,28
221,Plectopterus gambensis,22,13,6,18,29,7,31,12
222,Ara macao,22,3,29,19,15,11,25,20
223,Raphicerus campestris,22,30,29,10,13,10,13,13
224,Alectura lathami,22,15,14,12,8,22,22,26
225,Cebus albifrons,22,27,8,12,15,21,7,20
226,Bubo sp.,22,3,2,10,5,16,31,28
227,Macropus eugenii,22,4,2,24,8,24,15,10
228,Gymnorhina tibicen,22,30,16,28,17,22,22,21
229,Myrmecobius fasciatus,22,17,26,1,28,5,26,26
230,Phalaropus lobatus,22,29,15,2,17,10,6,17
231,Coluber constrictor foxii,22,10,2,19,16,26,8,8
232,Dendrocitta vagabunda,22,21,13,17,17,4,10,26
233,Actophilornis africanus,22,13,5,15,26,8,28,25
234,Rhea americana,22,25,25,12,10,8,2,21
235,Tachyglossus aculeatus,22,19,20,6,1,12,7,5
236,Himantopus himantopus,22,12,10,14,27,5,13,4
237,Anitibyx armatus,22,4,1,15,14,12,20,6
238,Merops bullockoides,22,9,19,5,16,20,4,24
239,Ardea golieth,22,13,3,12,10,16,4,7
240,Stercorarius longicausus,22,11,14,21,6,3,19,3
241,Dacelo novaeguineae,22,31,29,25,12,21,13,4
242,Hymenolaimus malacorhynchus,22,23,25,10,25,12,5,26
243,Myiarchus tuberculifer,22,23,11,2,31,16,19,29
244,Streptopelia senegalensis,22,14,17,20,14,2,13,6
245,Varanus sp.,22,11,15,14,3,25,3,13
246,Lycosa godeffroyi,22,2,2,29,25,23,16,15
247,Bubalus arnee,22,18,6,24,10,18,23,4
248,Cathartes aura,22,22,3,6,22,19,26,30
249,Upupa epops,22,4,19,17,23,7,7,3
250,Macropus agilis,22,7,26,22,18,25,22,31
251,Felis serval,22,25,12,20,18,10,26,8
252,Alouatta seniculus,22,10,9,20,21,6,15,4
253,Ramphastos tucanus,22,8,2,4,14,28,29,15
254,Laniarius ferrugineus,22,18,6,14,3,4,25,8
255,Cochlearius cochlearius,22,28,28,12,29,18,15,7
256,Herpestes javanicus,22,14,7,16,5,26,8,22
257,Ephipplorhynchus senegalensis,22,5,24,26,4,29,25,7
258,Ardea golieth,22,9,8,28,14,22,21,1
259,Odocoilenaus virginianus,22,23,31,10,13,7,17,7
260,Lasiorhinus latifrons,22,4,30,17,24,21,11,6
261,Chloephaga melanoptera,22,13,18,27,19,23,16,2
262,Aegypius tracheliotus,22,3,2,6,25,19,10,30
263,unavailable,22,19,5,16,22,6,7,27
264,Pteropus rufus,22,23,15,6,9,27,28,4
265,Acridotheres tristis,22,18,30,28,27,24,12,6
266,Choriotis kori,22,13,2,27,4,4,23,29
267,Streptopelia senegalensis,22,4,7,7,8,27,27,25
268,Tyto novaehollandiae,22,9,26,12,21,20,7,24
269,Cynictis penicillata,22,15,13,21,31,11,2,15
270,Tiliqua scincoides,22,31,24,26,24,21,4,12
271,Vulpes vulpes,22,17,28,15,25,9,13,20
272,Numida meleagris,22,10,6,24,9,2,18,8
273,Pseudalopex gymnocercus,22,26,22,22,28,29,16,12
274,Agouti paca,22,28,11,9,9,19,21,21
275,Gyps bengalensis,22,26,11,28,30,28,3,2
276,Paroaria gularis,22,11,5,28,27,1,14,22
277,Tachyglossus aculeatus,22,3,12,19,26,28,9,13
278,Ciconia ciconia,22,16,4,25,14,20,22,31
279,Pelecanus occidentalis,22,16,7,3,24,4,25,27
280,Naja haje,22,4,12,1,3,14,20,24
281,Haliaetus vocifer,22,18,6,10,29,8,12,29
282,Macropus eugenii,22,2,2,2,29,25,7,13
283,Gorilla gorilla,22,29,12,30,10,27,10,13
284,Sciurus niger,22,8,27,11,8,2,8,25
285,Bugeranus caruncalatus,22,20,14,18,29,6,16,11
286,Cynictis penicillata,22,25,31,19,24,12,20,14
287,Tadorna tadorna,22,30,3,25,1,7,22,21
288,Odocoileus hemionus,22,14,24,27,2,6,4,18
289,Bettongia penicillata,22,14,22,28,11,11,26,8
290,Alopex lagopus,22,3,28,26,20,23,19,6
291,Dusicyon thous,22,12,7,11,16,8,13,11
292,Dasyurus viverrinus,22,12,10,12,15,11,21,5
293,Trachyphonus vaillantii,22,19,7,12,26,6,19,30
294,Terathopius ecaudatus,22,21,18,31,25,5,28,29
295,Corythornis cristata,22,20,13,18,20,20,26,12
296,Haliaetus leucogaster,22,18,9,17,19,29,17,22
297,Lama pacos,22,19,10,14,7,26,24,26
298,unavailable,22,9,7,13,12,2,22,15
299,Physignathus cocincinus,22,22,17,14,24,12,10,17
300,Dusicyon thous,22,24,21,8,12,16,11,7
301,Francolinus coqui,22,18,23,27,27,24,22,6
302,Cercopithecus aethiops,22,24,26,19,11,23,18,26
303,Dasypus novemcinctus,22,3,10,29,31,9,29,10
304,Bubulcus ibis,22,24,11,9,26,9,26,1
305,Laniaurius atrococcineus,22,7,14,23,25,3,15,25
306,Taurotagus oryx,22,2,13,13,26,18,24,25
307,Bucorvus leadbeateri,22,1,22,27,12,21,2,20
308,Lutra canadensis,22,5,26,16,3,26,1,17
309,Uraeginthus angolensis,22,21,14,21,11,16,27,12
310,unavailable,22,5,1,31,28,24,18,29
311,Ephipplorhynchus senegalensis,22,12,10,8,23,16,18,4
312,Upupa epops,22,12,24,4,5,18,20,20
313,Grus canadensis,22,13,23,20,28,26,29,2
314,Hyaena hyaena,22,16,9,29,31,19,1,15
315,Larus novaehollandiae,22,22,28,25,24,4,3,29
316,Buteo jamaicensis,22,1,30,5,19,2,8,2
317,Bubalornis niger,22,1,3,16,16,10,24,19
318,Himantopus himantopus,22,30,7,11,15,2,23,12
319,Laniarius ferrugineus,22,15,25,7,11,15,20,31
320,Phoca vitulina,22,15,8,31,3,24,23,23
321,Varanus salvator,22,17,4,8,19,15,7,20
322,Phalacrocorax albiventer,22,27,28,6,12,31,21,31
323,Dromaeus novaehollandiae,22,11,7,18,25,21,3,31
324,Kobus defassa,22,17,23,27,18,13,23,13
325,Tamiasciurus hudsonicus,22,20,21,13,19,31,18,3
326,Arctogalidia trivirgata,22,24,18,1,14,11,27,21
327,Phoenicopterus chilensis,22,15,10,20,21,2,26,30
328,Larus fuliginosus,22,28,12,4,15,20,30,20
329,Lamprotornis chalybaeus,22,13,4,14,2,11,5,12
330,Ardea golieth,22,13,29,27,8,22,16,6
331,Aegypius tracheliotus,22,31,19,23,10,4,27,14
332,Porphyrio porphyrio,22,5,26,2,12,16,18,17
333,Redunca redunca,22,24,27,29,5,22,13,16
334,Tachybaptus ruficollis,22,10,13,2,5,31,1,5
335,Semnopithecus entellus,22,22,4,31,22,19,10,8
336,Pseudocheirus peregrinus,22,15,31,12,18,27,19,16
337,Gorilla gorilla,22,21,25,19,16,12,17,18
338,unavailable,22,29,30,31,16,28,31,10
339,Agelaius phoeniceus,22,25,31,17,29,31,13,24
340,Leprocaulinus vipera,22,3,10,21,22,20,14,21
341,Geococcyx californianus,22,18,13,2,13,12,20,12
342,Pseudalopex gymnocercus,22,22,14,7,9,16,3,21
343,Otaria flavescens,22,7,28,21,12,12,6,2
344,Dusicyon thous,22,18,5,4,4,7,24,23
345,Coluber constrictor foxii,22,27,17,11,18,5,7,10
346,Oncorhynchus nerka,22,15,31,30,25,4,19,19
347,Aepyceros mylampus,22,19,22,26,9,15,23,12
348,Phalaropus lobatus,22,19,16,18,29,16,23,6
349,Myrmecophaga tridactyla,22,10,18,22,29,23,3,26
350,Pelecanus conspicillatus,22,20,2,17,8,24,29,20
351,Oryx gazella,22,6,18,10,14,5,14,25
352,Paroaria gularis,22,8,2,27,20,28,9,28
353,Raphicerus campestris,22,24,30,26,5,27,19,10
354,Meles meles,22,12,2,16,4,31,18,22
355,Nesomimus trifasciatus,22,19,10,7,30,29,3,29
356,Ammospermophilus nelsoni,22,16,14,24,17,30,22,14
357,Raphicerus campestris,22,11,17,22,21,15,17,2
358,Naja nivea,22,3,28,23,4,8,19,5
359,Centrocercus urophasianus,22,18,13,8,20,19,8,4
360,Castor canadensis,22,17,12,20,4,7,10,18
361,Cyrtodactylus louisiadensis,22,12,25,23,16,1,23,30
362,Junonia genoveua,22,26,25,21,28,6,12,28
363,Larus dominicanus,22,14,29,29,18,20,8,5
364,Canis aureus,22,31,24,12,30,11,31,25
365,Ciconia episcopus,22,28,20,23,29,1,1,21
366,Falco mexicanus,22,7,24,4,9,29,7,15
367,Geospiza sp.,22,13,29,16,17,22,26,20
368,Chordeiles minor,22,1,31,7,5,29,26,22
369,Terrapene carolina,22,29,22,26,24,11,3,10
370,Naja haje,22,5,3,27,25,3,22,21
371,Libellula quadrimaculata,22,8,24,12,16,5,5,4
372,Paradoxurus hermaphroditus,22,8,2,16,8,30,8,5
373,Lemur catta,22,31,24,9,22,8,1,5
374,Sarkidornis melanotos,22,14,15,1,26,8,11,9
375,Geococcyx californianus,22,19,8,21,19,31,30,13
376,Madoqua kirkii,22,6,11,14,15,5,1,5
377,Anser caerulescens,22,29,31,2,26,4,9,17
378,Rangifer tarandus,22,10,31,28,19,15,24,16
379,Columba palumbus,22,11,2,18,3,8,26,4
380,Casmerodius albus,22,28,17,5,17,17,13,6
381,Ovis ammon,22,15,3,29,26,12,4,17
382,Cyrtodactylus louisiadensis,22,31,11,13,17,12,24,19
383,Camelus dromedarius,22,26,13,29,12,14,14,1
384,Francolinus leucoscepus,22,15,21,10,10,31,10,6
385,Phascogale calura,22,27,25,1,25,22,29,27
386,Vanellus chilensis,22,20,19,26,2,8,17,4
387,Tadorna tadorna,22,10,22,5,5,9,9,2
388,Graspus graspus,22,5,14,1,9,9,14,11
389,Tayassu tajacu,22,26,14,30,23,14,22,3
390,Ursus americanus,22,4,6,10,29,25,24,24
391,Leptoptilus dubius,22,16,31,17,25,23,23,17
392,Naja nivea,22,21,21,31,1,28,21,12
393,Mycteria ibis,22,24,4,8,19,18,12,16
394,Falco peregrinus,22,31,30,15,10,28,11,17
395,Ursus arctos,22,15,25,19,29,20,30,14
396,Macaca nemestrina,22,17,26,30,3,10,18,31
397,Chloephaga melanoptera,22,27,24,12,22,30,1,29
398,Isoodon obesulus,22,9,13,26,17,5,26,5
399,Neotis denhami,22,21,29,30,30,19,29,15
400,Pycnonotus barbatus,22,3,3,25,23,25,16,24
401,Semnopithecus entellus,22,30,23,10,23,5,16,6
402,Sitta canadensis,22,21,23,8,30,24,10,23
403,Pycnonotus barbatus,22,13,21,25,17,21,27,4
404,Uraeginthus granatina,22,28,9,20,15,5,19,20
405,Capreolus capreolus,22,11,21,23,7,14,19,14
406,Nyctea scandiaca,22,11,22,22,16,20,4,1
407,Semnopithecus entellus,22,3,20,25,8,19,5,24
408,Trachyphonus vaillantii,22,30,26,18,28,10,1,1
409,Bucorvus leadbeateri,22,23,16,9,28,24,6,20
410,Sula nebouxii,22,1,10,13,2,31,29,24
411,Heloderma horridum,22,20,21,29,14,13,4,7
412,Vulpes chama,22,16,22,3,25,26,12,5
413,Plegadis falcinellus,22,11,30,10,7,22,16,20
414,Grus antigone,22,21,28,9,27,30,1,20
415,Diomedea irrorata,22,6,26,10,15,25,30,29
416,Diceros bicornis,22,11,9,28,20,20,3,20
417,Anas platyrhynchos,22,3,4,26,3,10,4,6
418,Diomedea irrorata,22,19,3,5,15,3,16,14
419,Rhea americana,22,19,14,9,14,9,13,21
420,Dasyurus maculatus,22,7,8,4,13,17,19,28
421,Tadorna tadorna,22,19,1,8,10,31,2,18
422,Epicrates cenchria maurus,22,28,20,11,4,23,6,21
423,Microcebus murinus,22,22,8,27,21,19,6,8
424,Ctenophorus ornatus,22,22,4,17,29,20,29,26
425,Kobus leche robertsi,22,24,24,10,6,1,16,7
426,Ratufa indica,22,22,3,5,14,4,9,2
427,Agkistrodon piscivorus,22,20,18,5,31,23,8,3
428,Damaliscus dorcas,22,18,27,7,27,17,3,25
429,Phoenicopterus chilensis,22,14,31,18,20,26,20,17
430,Ploceus rubiginosus,22,20,11,18,17,2,15,2
431,Crotalus cerastes,22,1,14,30,6,14,16,10
432,Sarcophilus harrisii,22,11,28,14,8,13,26,20
433,Toxostoma curvirostre,22,11,8,6,29,28,1,17
434,Gymnorhina tibicen,22,2,5,8,14,18,10,25
435,Galictis vittata,22,15,4,17,20,4,4,15
436,Felis silvestris lybica,22,24,1,24,30,13,15,15
437,Bassariscus astutus,22,4,17,13,6,5,17,2
438,Sylvicapra grimma,22,30,30,12,7,23,3,30
439,Streptopelia senegalensis,22,26,25,2,18,19,16,13
440,Actophilornis africanus,22,6,22,3,19,1,16,4
441,Haematopus ater,22,19,28,9,16,15,22,22
442,Acanthaster planci,22,26,20,15,6,4,17,7
443,Vulpes chama,22,18,28,8,2,9,28,13
444,Hymenolaimus malacorhynchus,22,31,8,13,22,14,24,8
445,Ceratotherium simum,22,6,17,29,25,9,9,23
446,Equus hemionus,22,29,26,16,24,19,10,2
447,Terathopius ecaudatus,22,15,29,10,29,9,19,29
448,Dasyurus maculatus,22,8,11,14,21,24,7,29
449,Kobus defassa,22,16,23,19,2,18,14,10
450,Phasianus colchicus,22,4,9,28,27,27,29,3
451,unavailable,22,14,31,19,28,22,25,10
452,unavailable,22,12,24,17,12,12,7,5
453,Ictonyx striatus,22,31,13,24,9,11,21,6
454,Canis lupus,22,8,1,16,21,31,1,2
455,Dasypus novemcinctus,22,31,2,20,20,8,31,21
456,Ursus americanus,22,2,8,2,19,30,13,19
457,Rhea americana,22,11,20,26,28,18,20,31
458,Pteronura brasiliensis,22,4,23,31,27,17,5,8
459,Pseudalopex gymnocercus,22,31,22,16,4,17,11,17
460,Milvago chimachima,22,15,19,15,9,28,1,23
461,Gekko gecko,22,16,20,23,28,11,4,9
462,Tauraco porphyrelophus,22,9,12,17,31,31,7,21
463,Marmota caligata,22,5,1,25,26,12,14,2
464,Pelecanus conspicillatus,22,25,8,29,5,31,23,18
465,Nasua narica,22,20,19,17,30,11,15,6
466,Eubalaena australis,22,15,25,30,12,23,15,9
467,Pteronura brasiliensis,22,14,5,15,15,6,21,1
468,Laniaurius atrococcineus,22,8,26,23,28,5,3,13
469,Cynomys ludovicianus,22,21,31,27,11,18,18,20
470,Tadorna tadorna,22,19,16,24,9,1,17,9
471,Ara macao,22,13,30,3,12,21,6,14
472,Turtur chalcospilos,22,14,11,6,14,18,8,23
473,Phoenicopterus ruber,22,4,19,3,21,24,8,19
474,Anthropoides paradisea,22,19,5,15,20,14,9,16
475,Bubalus arnee,22,2,15,22,18,6,23,14
476,Mephitis mephitis,22,26,17,23,7,21,28,15
477,Aonyx capensis,22,8,19,9,19,5,19,28
478,Phoca vitulina,22,8,26,19,4,28,18,4
479,Otocyon megalotis,22,27,1,20,31,5,28,12
480,Felis caracal,22,1,20,13,4,5,13,29
481,Spermophilus parryii,22,23,3,12,13,20,10,8
482,Panthera onca,22,29,19,26,31,29,28,13
483,Notechis semmiannulatus,22,15,15,31,12,5,25,3
484,Ploceus rubiginosus,22,4,1,6,23,2,11,11
485,Anas bahamensis,22,20,15,15,11,14,5,21
486,Spermophilus armatus,22,1,31,20,2,3,16,11
487,Mazama gouazoubira,22,24,11,26,23,13,15,18
488,Cordylus giganteus,22,23,30,23,27,2,8,14
489,Choloepus hoffmani,22,1,26,9,4,20,24,19
490,Naja sp.,22,4,15,18,11,25,13,9
491,Spizaetus coronatus,22,28,9,26,30,22,15,6
492,Cygnus atratus,22,26,29,17,1,2,4,28
493,Varanus sp.,22,19,10,19,2,20,3,1
494,Macaca radiata,22,29,23,10,23,15,7,21
495,Eubalaena australis,22,17,16,14,12,16,19,15
496,Macropus eugenii,22,2,5,5,11,24,28,31
497,Centrocercus urophasianus,22,9,23,27,31,17,29,1
498,Lutra canadensis,22,23,12,1,31,31,11,10
499,Spheniscus magellanicus,22,4,1,9,5,2,10,24
500,Cereopsis novaehollandiae,22,22,12,30,19,2,1,4
501,Uraeginthus granatina,22,2,5,28,15,15,15,29
502,Himantopus himantopus,22,26,9,2,27,31,21,16
503,Theropithecus gelada,22,19,27,8,21,14,12,11
504,Spermophilus armatus,22,16,4,15,12,8,18,30
505,Cygnus buccinator,22,19,3,5,16,15,3,4
506,Certotrichas paena,22,1,25,14,19,28,19,7
507,Varanus komodensis,22,5,20,22,20,28,30,16
508,Lycaon pictus,22,17,25,24,5,22,14,28
509,Anthropoides paradisea,22,15,13,31,17,4,26,6
510,Anastomus oscitans,22,18,10,17,7,28,8,20
511,Butorides striatus,22,27,2,28,28,18,26,10
512,Cyrtodactylus louisiadensis,22,28,11,11,2,21,10,15
513,Cacatua tenuirostris,22,6,29,12,27,21,7,8
514,Crocodylus niloticus,22,22,23,7,22,24,30,15
515,Callipepla gambelii,22,5,8,2,14,16,1,9
516,Corvus albicollis,22,13,11,5,24,8,20,27
517,Gekko gecko,22,31,13,28,22,31,16,31
518,Geococcyx californianus,22,8,23,17,13,29,15,31
519,Macropus fuliginosus,22,12,13,17,20,12,20,21
520,Pteropus rufus,22,3,4,22,18,25,6,12
521,Actophilornis africanus,22,27,25,12,11,14,31,27
522,Phoenicopterus ruber,22,22,2,12,2,13,10,12
523,Mycteria ibis,22,7,2,23,2,25,1,16
524,Tenrec ecaudatus,22,19,20,11,12,24,21,7
525,Varanus komodensis,22,23,15,18,23,8,17,22
526,Pycnonotus nigricans,22,18,31,25,17,9,5,4
527,Elephas maximus bengalensis,22,9,25,27,23,3,10,31
528,Gyps bengalensis,22,7,4,17,11,24,20,9
529,Spizaetus coronatus,22,3,31,4,16,21,13,20
530,Semnopithecus entellus,22,27,21,4,6,4,29,10
531,Mellivora capensis,22,18,24,12,7,14,30,15
532,Antidorcas marsupialis,22,5,27,10,20,7,11,12
533,Larus dominicanus,22,15,23,27,15,5,28,6
534,Gymnorhina tibicen,22,17,9,13,3,12,18,8
535,Chelodina longicollis,22,15,8,13,26,7,25,31
536,Lamprotornis superbus,22,5,9,29,9,22,4,30
537,Corvus albus,22,14,8,18,22,24,15,11
538,Turtur chalcospilos,22,27,13,15,11,26,7,25
539,Mazama gouazoubira,22,4,13,27,14,23,11,12
540,Mellivora capensis,22,16,6,14,9,25,26,20
541,Vulpes vulpes,22,1,9,21,26,9,9,10
542,Pelecanus occidentalis,22,30,22,7,23,19,15,25
543,Coendou prehensilis,22,8,31,17,24,13,31,1
544,Zonotrichia capensis,22,20,3,20,17,20,23,14
545,Eurocephalus anguitimens,22,6,4,5,18,8,11,14
546,Dromaeus novaehollandiae,22,20,25,23,17,6,2,26
547,Lemur catta,22,21,30,31,29,30,28,19
548,Zonotrichia capensis,22,12,15,18,25,25,5,14
549,Ardea cinerea,22,3,19,11,3,25,17,5
550,Anas punctata,22,18,4,25,23,25,13,13
551,Carduelis pinus,22,27,15,15,20,12,31,22
552,Sylvicapra grimma,22,24,12,9,17,7,26,2
553,Plocepasser mahali,22,6,30,1,31,14,19,25
554,Corvus albicollis,22,19,6,2,8,28,8,5
555,Echimys chrysurus,22,7,3,14,6,8,11,8
556,Alopochen aegyptiacus,22,25,8,25,6,1,12,6
557,Dasyprocta leporina,22,30,24,27,13,17,2,25
558,Pteronura brasiliensis,22,20,4,23,10,15,18,2
559,Felis serval,22,9,26,2,13,20,27,27
560,Leptoptilos crumeniferus,22,9,24,10,28,10,24,23
561,Phasianus colchicus,22,10,4,26,12,4,27,28
562,Macropus robustus,22,27,9,17,5,18,15,25
563,Phasianus colchicus,22,5,3,29,12,15,18,31
564,Panthera leo,22,1,18,10,30,31,8,22
565,Hippotragus niger,22,30,19,24,25,23,14,20
566,Kobus defassa,22,31,7,24,24,25,3,10
567,Chelodina longicollis,22,9,10,17,5,2,5,7
568,Pitangus sulphuratus,22,21,11,28,8,15,16,8
569,Panthera leo,22,20,20,13,16,15,5,9
570,Melursus ursinus,22,6,2,5,7,27,31,20
571,Gazella granti,22,11,5,7,29,25,5,6
572,Melophus lathami,22,27,16,11,30,8,26,16
573,Phaethon aethereus,22,18,17,27,28,18,15,25
574,Spermophilus parryii,22,26,3,28,6,16,11,21
575,Smithopsis crassicaudata,22,2,30,27,12,22,18,16
576,Madoqua kirkii,22,26,29,9,23,31,28,8
577,Ploceus intermedius,22,28,19,6,23,6,14,30
578,Sciurus vulgaris,22,8,31,23,13,13,14,29
579,Oreotragus oreotragus,22,22,26,9,8,21,29,15
580,Libellula quadrimaculata,22,28,28,21,19,7,12,30
581,Varanus sp.,22,22,17,15,19,11,16,12
582,Buteo jamaicensis,22,25,9,2,25,27,8,11
583,Tockus flavirostris,22,12,5,11,27,9,27,21
584,Limnocorax flavirostra,22,27,7,27,17,19,22,25
585,Eira barbata,22,6,19,29,31,31,16,13
586,Phoeniconaias minor,22,15,29,21,18,28,5,6
587,Tamiasciurus hudsonicus,22,18,29,18,22,4,2,31
588,Felis pardalis,22,8,21,13,12,15,26,25
589,Macaca radiata,22,14,30,4,31,24,10,16
590,unavailable,22,9,28,23,19,25,8,29
591,Spermophilus tridecemlineatus,22,27,9,3,4,26,29,30
592,Tauraco porphyrelophus,22,31,25,9,12,26,14,5
593,Dipodomys deserti,22,29,19,3,2,24,25,29
594,Sarcorhamphus papa,22,18,13,29,6,9,16,16
595,Estrilda erythronotos,22,28,28,11,22,8,15,26
596,Eremophila alpestris,22,18,11,3,26,26,11,19
597,Felis concolor,22,7,9,6,12,7,23,4
598,Amphibolurus barbatus,22,27,28,14,13,29,15,29
599,Sterna paradisaea,22,5,14,27,3,27,25,18
600,Delphinus delphis,22,24,12,26,11,14,15,5
601,Gopherus agassizii,22,8,24,4,22,29,24,2
602,Ratufa indica,22,22,27,15,28,19,30,17
603,Phascogale calura,22,22,9,13,15,30,15,13
604,Ctenophorus ornatus,22,1,2,19,28,23,17,6
605,Thamnolaea cinnmomeiventris,22,8,10,8,9,19,26,4
606,Corvus albicollis,22,4,1,14,14,4,5,8
607,Spermophilus richardsonii,22,8,2,7,25,22,20,19
608,Cercatetus concinnus,22,26,27,7,18,15,22,24
609,Nyctanassa violacea,22,13,7,8,5,30,1,9
610,Vulpes vulpes,22,1,16,8,5,23,27,30
611,Ardea golieth,22,7,6,22,2,18,8,31
612,Nasua nasua,22,30,26,17,14,20,29,6
613,Geochelone radiata,22,29,9,28,9,1,24,23
614,Cervus elaphus,22,6,28,15,15,3,28,25
615,Tapirus terrestris,22,15,31,24,19,23,2,27
616,Anastomus oscitans,22,30,16,18,25,2,30,23
617,Priodontes maximus,22,29,9,19,27,29,30,28
618,unavailable,22,24,19,6,10,22,4,28
619,Cynomys ludovicianus,22,21,23,1,24,31,24,9
620,Sauromalus obesus,22,26,20,13,1,23,12,19
621,Zalophus californicus,22,29,4,3,2,10,8,3
622,Ramphastos tucanus,22,15,1,8,29,17,4,14
623,Anas bahamensis,22,3,9,26,18,9,29,28
624,Propithecus verreauxi,22,24,10,6,9,6,6,5
625,Passer domesticus,22,19,19,7,9,7,17,24
626,Ratufa indica,22,17,10,29,27,22,2,1
627,Spermophilus armatus,22,27,12,24,12,29,10,28
628,Dasyurus maculatus,22,4,25,15,5,19,25,22
629,Actophilornis africanus,22,15,2,29,30,24,21,9
630,Ara ararauna,22,29,20,5,15,16,9,14
631,Numida meleagris,22,16,19,7,31,24,19,23
632,Acrobates pygmaeus,22,31,11,12,27,20,22,11
633,Psittacula krameri,22,19,10,3,25,6,30,5
634,Bison bison,22,13,23,24,20,7,19,15
635,Buteo jamaicensis,22,13,3,28,27,18,1,16
636,Antilocapra americana,22,14,29,7,28,15,10,24
637,Bassariscus astutus,22,27,5,26,24,11,24,30
638,Gyps bengalensis,22,18,18,13,9,19,23,25
639,Sitta canadensis,22,17,19,7,29,30,11,24
640,Elephas maximus bengalensis,22,23,12,14,12,23,15,22
641,Meleagris gallopavo,22,5,14,6,29,28,17,22
642,Rhea americana,22,1,10,23,21,2,26,10
643,Dendrocitta vagabunda,22,10,22,11,4,12,26,3
644,unavailable,22,10,30,1,13,26,4,8
645,Macaca radiata,22,4,9,28,2,25,20,22
646,Ictonyx striatus,22,30,17,30,11,19,13,5
647,Hymenolaimus malacorhynchus,22,12,15,8,26,30,16,28
648,Morelia spilotes variegata,22,17,31,9,9,21,29,14
649,Sciurus vulgaris,22,9,23,16,4,8,12,23
650,Phoca vitulina,22,12,17,14,17,23,12,19
651,Melophus lathami,22,8,7,5,8,6,8,11
652,Phoeniconaias minor,22,19,3,12,1,16,16,7
653,Ardea cinerea,22,10,31,26,21,2,26,20
654,Francolinus leucoscepus,22,19,30,29,10,23,4,16
655,Heloderma horridum,22,28,17,20,14,20,28,30
656,Columba livia,22,8,3,6,17,17,19,13
657,Theropithecus gelada,22,10,13,21,22,2,26,29
658,Felis rufus,22,26,1,2,2,8,18,30
659,Cordylus giganteus,22,23,19,17,17,29,5,1
660,Grus antigone,22,24,1,31,31,3,14,3
661,Oreotragus oreotragus,22,3,15,23,26,3,9,15
662,Columba palumbus,22,10,12,26,20,5,4,28
663,Boselaphus tragocamelus,22,12,31,22,25,21,12,17
664,Hymenolaimus malacorhynchus,22,30,20,3,11,12,23,3
665,Branta canadensis,22,14,17,30,14,13,15,5
666,Tursiops truncatus,22,4,19,19,28,15,30,9
667,Vicugna vicugna,22,20,5,8,18,11,23,16
668,Nasua narica,22,3,6,3,16,5,10,22
669,Plectopterus gambensis,22,2,9,12,6,23,4,10
670,Ciconia episcopus,22,23,2,15,2,10,18,24
671,Laniaurius atrococcineus,22,13,20,26,1,17,3,6
672,Phoeniconaias minor,22,9,24,21,5,16,22,22
673,Choloepus hoffmani,22,7,15,17,22,5,7,9
674,Acanthaster planci,22,27,20,8,15,3,8,6
675,Anas punctata,22,20,28,16,9,26,27,16
676,Crotalus cerastes,22,28,3,23,7,26,14,29
677,Ursus maritimus,22,24,14,11,29,4,5,12
678,Spizaetus coronatus,22,21,27,10,27,12,2,18
679,Aegypius tracheliotus,22,2,24,28,9,14,24,3
680,Capreolus capreolus,22,26,25,25,11,27,30,2
681,Phoenicopterus chilensis,22,23,30,8,5,17,4,27
682,Neotoma sp.,22,24,30,15,13,12,30,15
683,Cebus albifrons,22,23,8,16,24,25,5,16
684,Macropus giganteus,22,21,26,5,3,2,9,25
685,Kobus defassa,22,21,14,18,20,5,30,12
686,Cyrtodactylus louisiadensis,22,30,27,29,20,13,17,4
687,Cacatua tenuirostris,22,29,31,19,15,3,11,26
688,Dendrohyrax brucel,22,5,4,9,1,15,18,5
689,Trachyphonus vaillantii,22,8,30,16,2,4,6,25
690,Trachyphonus vaillantii,22,1,31,22,30,3,31,30
691,Sciurus niger,22,25,25,9,18,1,11,30
692,Grus rubicundus,22,5,16,12,19,18,25,27
693,Leptoptilus dubius,22,24,11,18,25,4,11,3
694,Coluber constrictor,22,15,24,17,23,22,17,3
695,Crocuta crocuta,22,17,1,30,24,3,3,25
696,Cracticus nigroagularis,22,14,16,31,16,20,29,1
697,Bison bison,22,8,24,5,23,20,18,8
698,Centrocercus urophasianus,22,27,17,5,25,8,11,1
699,Pandon haliaetus,22,22,25,10,13,10,25,4
700,Cracticus nigroagularis,22,4,18,1,22,5,25,17
701,Stenella coeruleoalba,22,14,8,21,21,2,7,7
702,Phaethon aethereus,22,21,30,7,26,19,25,16
703,Uraeginthus angolensis,22,2,18,1,24,14,4,6
704,Felis caracal,22,15,13,4,22,29,16,24
705,Francolinus coqui,22,19,21,11,15,3,11,9
706,Dusicyon thous,22,20,15,28,4,2,24,20
707,Castor fiber,22,28,31,19,20,31,22,20
708,Crotalus cerastes,22,26,3,7,26,30,28,17
709,unavailable,22,22,31,21,9,2,14,15
710,Theropithecus gelada,22,4,15,8,17,16,8,16
711,Trichoglossus haematodus moluccanus,22,29,18,13,23,9,24,31
712,Notechis semmiannulatus,22,29,8,15,4,11,18,27
713,Bassariscus astutus,22,28,20,5,22,4,9,27
714,Dicrurus adsimilis,22,16,7,4,15,5,4,23
715,Centrocercus urophasianus,22,1,3,21,4,24,15,3
716,Acrobates pygmaeus,22,3,19,28,21,26,25,6
717,Estrilda erythronotos,22,13,13,29,11,14,19,15
718,Tyto novaehollandiae,22,16,30,28,11,26,30,7
719,Hippotragus equinus,22,11,25,16,11,1,13,30
720,Threskionis aethiopicus,22,18,6,16,4,16,6,29
721,Petaurus breviceps,22,5,7,24,9,22,13,25
722,Leptoptilos crumeniferus,22,18,15,8,31,18,1,25
723,Petaurus breviceps,22,28,21,17,1,8,7,10
724,Ammospermophilus nelsoni,22,23,8,17,9,30,10,16
725,Eolophus roseicapillus,22,28,25,11,1,8,29,3
726,Macropus rufogriseus,22,9,20,4,11,26,30,9
727,Microcebus murinus,22,31,11,28,23,4,5,7
728,Paroaria gularis,22,4,7,20,3,23,16,10
729,Struthio camelus,22,17,26,20,12,15,31,26
730,Delphinus delphis,22,26,27,24,26,31,5,26
731,Fregata magnificans,22,24,11,9,24,6,23,20
732,Phoca vitulina,22,25,29,25,13,30,28,11
733,Macropus rufogriseus,22,22,21,15,26,31,31,5
734,Papio cynocephalus,22,22,14,28,21,10,10,13
735,Streptopelia decipiens,22,2,19,31,18,27,4,26
736,Crotalus cerastes,22,17,31,15,24,7,9,14
737,Paraxerus cepapi,22,15,14,15,14,2,16,15
738,Haematopus ater,22,20,27,17,19,24,3,19
739,Uraeginthus granatina,22,14,12,10,25,14,25,1
740,Boa caninus,22,3,6,18,24,2,3,3
741,Coluber constrictor,22,4,18,6,1,4,6,15
742,Isoodon obesulus,22,25,12,5,7,26,26,22
743,Antidorcas marsupialis,22,8,1,25,4,1,19,18
744,Dipodomys deserti,22,13,30,19,1,25,20,15
745,Naja sp.,22,26,7,12,1,20,7,11
746,Terathopius ecaudatus,22,3,7,22,10,19,4,17
747,Macaca mulatta,22,20,17,10,12,2,14,1
748,Helogale undulata,22,14,3,1,18,24,6,31
749,Tockus erythrorhyncus,22,21,12,17,6,16,14,11
750,Sarcorhamphus papa,22,15,14,24,26,21,12,20
751,Paraxerus cepapi,22,31,24,19,17,1,28,3
752,Gyps bengalensis,22,17,31,31,3,5,6,10
753,Tockus erythrorhyncus,22,25,10,8,24,28,29,21
754,Dicrostonyx groenlandicus,22,23,3,7,24,20,24,27
755,Buteo galapagoensis,22,25,8,5,14,16,3,9
756,Conolophus subcristatus,22,4,16,10,3,25,19,23
757,Papio cynocephalus,22,23,9,13,6,12,9,18
758,Oxybelis sp.,22,13,29,23,30,12,18,11
759,Anser caerulescens,22,18,10,31,26,5,2,27
760,Ramphastos tucanus,22,7,15,15,26,27,15,23
761,Trachyphonus vaillantii,22,11,6,7,27,14,16,30
762,Felis silvestris lybica,22,21,11,3,26,20,24,17
763,Pandon haliaetus,22,28,31,3,14,23,16,8
764,Tenrec ecaudatus,22,29,4,25,9,12,18,18
765,Spizaetus coronatus,22,13,16,19,2,1,23,2
766,unavailable,22,21,26,19,25,9,7,9
767,Notechis semmiannulatus,22,21,16,4,18,11,31,12
768,Tayassu tajacu,22,2,19,17,6,30,6,24
769,Macaca fuscata,22,25,25,17,14,14,13,6
770,Tamandua tetradactyla,22,29,31,13,19,6,16,31
771,Cereopsis novaehollandiae,22,31,6,30,25,31,16,14
772,Cereopsis novaehollandiae,22,30,3,22,1,5,24,13
773,Passer domesticus,22,14,2,11,4,8,15,13
774,Choriotis kori,22,6,18,4,12,10,15,1
775,Aegypius tracheliotus,22,31,9,8,20,12,3,9
776,Galago crassicaudataus,22,23,5,23,18,16,5,28
777,Picoides pubescens,22,4,22,11,14,8,21,25
778,Rhea americana,22,3,30,24,13,15,15,30
779,Anser anser,22,19,18,10,9,6,20,23
780,Aquila chrysaetos,22,16,23,9,31,20,13,9
781,Parus atricapillus,22,20,21,1,8,30,10,7
782,Hymenolaimus malacorhynchus,22,17,28,18,6,8,17,31
783,Laniarius ferrugineus,22,26,6,10,17,2,14,13
784,Butorides striatus,22,3,4,18,2,9,24,9
785,Uraeginthus granatina,22,29,12,6,3,10,20,31
786,Chelodina longicollis,22,11,13,7,26,17,11,31
787,Zalophus californicus,22,25,15,2,20,29,8,31
788,Petaurus norfolcensis,22,24,5,12,14,21,6,6
789,Terrapene carolina,22,10,12,16,19,5,22,31
790,Tayassu tajacu,22,15,16,16,8,17,17,20
791,Columba livia,22,26,14,8,17,21,18,6
792,Platalea leucordia,22,28,13,25,12,29,28,1
793,unavailable,22,22,27,24,18,12,20,20
794,Pseudalopex gymnocercus,22,23,20,14,3,4,6,18
795,Felis libyca,22,20,24,11,23,2,26,21
796,Alligator mississippiensis,22,3,30,5,11,18,1,28
797,Seiurus aurocapillus,22,10,14,25,24,15,12,3
798,Varanus komodensis,22,17,30,8,15,24,11,12
799,Crotalus cerastes,22,31,26,3,1,3,27,20
800,Macaca mulatta,22,30,15,12,19,18,29,28
801,Ourebia ourebi,22,20,29,22,12,17,18,25
802,Bubo virginianus,22,25,20,24,10,12,31,23
803,Francolinus swainsonii,22,14,25,28,22,24,4,1
804,Tyto novaehollandiae,22,7,31,22,10,12,29,23
805,Sylvicapra grimma,22,13,5,24,1,23,9,27
806,Felis silvestris lybica,22,3,25,26,21,20,16,3
807,Terrapene carolina,22,16,21,8,26,5,6,30
808,Ara ararauna,22,13,13,16,5,17,7,28
809,Zalophus californicus,22,17,2,5,16,19,31,23
810,Chlidonias leucopterus,22,1,17,16,11,21,28,23
811,Agelaius phoeniceus,22,3,18,8,17,27,2,20
812,Paradoxurus hermaphroditus,22,28,9,19,16,1,26,21
813,Chloephaga melanoptera,22,26,3,16,2,2,23,12
814,Neophron percnopterus,22,27,15,5,11,20,21,11
815,Tiliqua scincoides,22,31,24,29,31,20,28,30
816,unavailable,22,13,19,7,13,26,20,17
817,Naja haje,22,30,28,31,23,21,3,24
818,Taurotagus oryx,22,17,14,20,22,16,8,1
819,Leptoptilus dubius,22,16,17,29,24,13,1,3
820,Certotrichas paena,22,2,26,8,7,13,1,17
821,Cacatua tenuirostris,22,13,14,30,23,30,18,2
822,Passer domesticus,22,15,22,6,11,22,11,28
823,Macropus rufogriseus,22,9,18,18,2,26,23,25
824,Melanerpes erythrocephalus,22,4,29,16,30,7,7,31
825,Vicugna vicugna,22,15,11,1,8,15,4,20
826,Sarcophilus harrisii,22,22,5,31,18,27,8,4
827,Sterna paradisaea,22,19,29,9,29,12,9,8
828,Heloderma horridum,22,5,13,26,16,4,29,21
829,Papio ursinus,22,12,7,19,30,6,11,28
830,Tenrec ecaudatus,22,27,25,14,10,1,4,1
831,Leptoptilos crumeniferus,22,23,18,18,6,19,4,26
832,Thamnolaea cinnmomeiventris,22,11,20,10,31,28,6,5
833,Lybius torquatus,22,26,18,24,24,12,9,9
834,Cynictis penicillata,22,4,23,10,11,27,20,26
835,Chlamydosaurus kingii,22,2,1,30,7,24,6,24
836,Ceratotherium simum,22,25,9,2,2,25,19,16
837,Ammospermophilus nelsoni,22,2,24,7,1,12,28,16
838,Felis caracal,22,17,19,20,31,25,13,28
839,Psophia viridis,22,13,24,16,11,9,13,7
840,Dicrostonyx groenlandicus,22,25,18,26,14,28,11,8
841,Speotyte cuniculata,22,31,20,26,14,15,7,18
842,Dasyurus maculatus,22,18,9,11,15,14,10,16
843,Galictis vittata,22,4,18,25,25,9,18,18
844,Eira barbata,22,1,24,19,8,23,23,1
845,Climacteris melanura,22,9,1,19,5,14,26,18
846,Trichoglossus haematodus moluccanus,22,21,14,1,28,2,18,20
847,Fregata magnificans,22,24,31,13,29,22,12,7
848,Tayassu pecari,22,18,18,31,2,6,19,1
849,Chauna torquata,22,22,15,5,16,28,1,13
850,Ursus americanus,22,13,26,22,20,14,7,22
851,Cynomys ludovicianus,22,15,19,3,9,1,15,4
852,Phalacrocorax carbo,22,7,29,29,18,20,26,8
853,Aegypius tracheliotus,22,13,9,27,26,10,25,17
854,Terathopius ecaudatus,22,10,6,4,21,28,4,13
855,Stercorarius longicausus,22,15,4,17,14,1,28,15
856,Petaurus breviceps,22,3,13,3,22,6,1,29
857,Acridotheres tristis,22,11,7,20,24,2,6,5
858,Damaliscus lunatus,22,16,12,18,30,6,20,17
859,Procyon lotor,22,28,30,9,17,22,12,9
860,Lemur fulvus,22,28,23,25,22,14,23,28
861,Neophoca cinerea,22,13,7,2,1,17,11,12
862,Cervus elaphus,22,6,17,25,6,24,8,15
863,Paradoxurus hermaphroditus,22,12,21,16,2,22,21,14
864,Tamiasciurus hudsonicus,22,24,8,16,30,27,24,21
865,Gorilla gorilla,22,24,24,14,21,6,19,6
866,Nasua narica,22,15,13,12,22,10,29,23
867,Papilio canadensis,22,8,19,18,12,4,20,25
868,Vanessa indica,22,14,4,5,22,22,5,13
869,Agama sp.,22,22,11,15,4,4,14,22
870,Anhinga rufa,22,22,27,18,22,8,19,27
871,Dicrostonyx groenlandicus,22,9,11,23,18,25,30,14
872,Ictonyx striatus,22,2,31,14,6,3,23,25
873,Panthera onca,22,10,2,12,21,2,10,11
874,Gazella granti,22,30,21,17,4,15,16,11
875,Lasiodora parahybana,22,8,3,18,20,2,29,21
876,Pytilia melba,22,16,15,23,12,18,3,29
877,Stercorarius longicausus,22,30,1,31,9,12,18,19
878,Carduelis uropygialis,22,18,11,17,23,9,11,1
879,Lemur catta,22,8,23,20,31,15,1,21
880,Zosterops pallidus,22,20,13,10,11,8,25,9
881,Macropus eugenii,22,6,3,18,4,22,1,2
882,Sitta canadensis,22,24,4,19,26,25,4,17
883,Echimys chrysurus,22,26,13,5,5,22,7,22
884,Odocoileus hemionus,22,1,19,5,9,16,24,31
885,Ardea cinerea,22,29,18,6,20,7,25,3
886,Caiman crocodilus,22,4,30,5,30,19,9,14
887,unavailable,22,2,9,7,14,25,4,22
888,Cracticus nigroagularis,22,5,7,11,27,2,26,11
889,Catharacta skua,22,26,18,29,31,22,31,22
890,Felis yagouaroundi,22,12,19,28,7,16,21,3
891,Ctenophorus ornatus,22,19,9,16,6,26,12,29
892,Arctogalidia trivirgata,22,25,3,18,25,18,26,31
893,Uraeginthus granatina,22,5,17,17,26,29,25,30
894,Crocodylus niloticus,22,9,20,27,18,16,18,20
895,Butorides striatus,22,19,31,1,10,19,9,17
896,Bison bison,22,4,13,12,11,10,5,29
897,Mycteria ibis,22,16,27,28,14,5,10,20
898,Zalophus californicus,22,19,30,30,31,10,19,3
899,Eunectes sp.,22,14,4,3,17,1,7,30
900,Mazama gouazoubira,22,4,17,21,6,3,26,7
901,Hyaena brunnea,22,15,13,21,23,29,8,19
902,Phalacrocorax varius,22,26,24,13,18,29,27,2
903,Naja sp.,22,7,2,5,8,15,10,15
904,Uraeginthus angolensis,22,26,29,21,6,16,29,5
905,Castor canadensis,22,12,2,20,27,21,2,9
906,Paraxerus cepapi,22,16,11,4,26,22,18,31
907,unavailable,22,14,5,13,27,29,12,7
908,Anhinga rufa,22,28,2,14,3,22,19,4
909,Phalacrocorax albiventer,22,10,1,9,22,28,9,10
910,Bassariscus astutus,22,16,2,16,3,30,19,21
911,Macaca mulatta,22,2,24,24,18,14,24,24
912,Cyrtodactylus louisiadensis,22,18,10,10,30,1,19,27
913,Ciconia episcopus,22,18,22,25,24,8,9,2
914,Eutamias minimus,22,24,14,31,22,27,28,27
915,Nectarinia chalybea,22,7,25,31,11,2,13,2
916,Aonyx cinerea,22,17,1,18,24,21,25,27
917,Gyps bengalensis,22,24,2,25,31,4,29,6
918,Cercatetus concinnus,22,15,19,20,5,16,9,17
919,Ardea golieth,22,14,17,17,11,29,14,28
920,Acridotheres tristis,22,23,19,13,21,27,4,12
921,Cathartes aura,22,1,24,24,19,15,31,5
922,Tursiops truncatus,22,17,9,21,18,13,23,29
923,Macaca radiata,22,19,12,31,3,27,7,4
924,Erinaceus frontalis,22,28,31,30,13,18,12,29
925,Diomedea irrorata,22,2,16,16,13,3,28,11
926,Oxybelis fulgidus,22,12,2,13,12,15,6,2
927,Ardea golieth,22,8,21,9,12,14,16,14
928,Ara macao,22,26,22,7,26,29,1,18
929,Ctenophorus ornatus,22,23,9,19,28,14,17,7
930,Felis caracal,22,15,16,3,30,27,30,21
931,Platalea leucordia,22,2,11,28,4,24,9,17
932,Orcinus orca,22,5,28,10,5,10,6,13
933,Zonotrichia capensis,22,5,2,31,3,22,5,11
934,Sylvicapra grimma,22,23,14,4,30,27,27,27
935,Papilio canadensis,22,16,18,5,28,27,9,1
936,Bison bison,22,12,16,2,16,20,14,21
937,Varanus salvator,22,23,21,24,17,19,2,10
938,Snycerus caffer,22,15,21,12,29,25,18,14
939,Alouatta seniculus,22,13,11,8,18,7,27,3
940,Trichosurus vulpecula,22,18,18,1,4,20,15,20
941,Alopochen aegyptiacus,22,24,29,25,13,3,23,3
942,Macropus giganteus,22,19,19,20,5,8,12,21
943,Pelecanus conspicillatus,22,8,20,12,3,31,21,25
944,Streptopelia decipiens,22,8,14,22,31,25,14,26
945,unavailable,22,21,9,17,15,9,18,12
946,Milvago chimachima,22,20,20,10,18,13,9,4
947,unavailable,22,22,27,20,22,14,13,5
948,Manouria emys,22,19,4,29,7,15,24,29
949,Crocodylus niloticus,22,13,31,30,10,19,19,25
950,Castor canadensis,22,25,14,25,3,30,21,19
951,Phalaropus lobatus,22,31,9,27,21,1,12,4
952,Cacatua galerita,22,20,6,15,4,16,2,7
953,Hyaena brunnea,22,23,20,8,25,21,31,29
954,Naja sp.,22,1,18,17,23,10,29,25
955,Hippotragus niger,22,19,12,15,23,28,13,17
956,Tiliqua scincoides,22,27,21,16,31,30,8,3
957,Tayassu tajacu,22,13,5,13,24,14,8,7
958,Semnopithecus entellus,22,26,8,7,29,26,15,9
959,Bassariscus astutus,22,9,9,21,12,9,13,22
960,Zonotrichia capensis,22,17,17,4,21,20,8,5
961,Tamiasciurus hudsonicus,22,3,24,22,1,22,16,7
962,Ceryle rudis,22,16,28,3,19,31,17,4
963,Bradypus tridactylus,22,1,8,11,7,26,2,1
964,Tachyglossus aculeatus,22,12,16,22,25,20,7,21
965,Lutra canadensis,22,8,5,17,2,22,2,31
966,Canis latrans,22,9,21,2,15,20,7,19
967,Galago crassicaudataus,22,18,29,23,28,4,11,24
968,Tachybaptus ruficollis,22,1,30,3,13,8,27,2
969,Varanus komodensis,22,17,1,9,20,25,26,8
970,Pitangus sulphuratus,22,4,15,20,4,13,10,16
971,Psittacula krameri,22,1,25,18,22,14,21,30
972,Eumetopias jubatus,22,16,25,1,28,12,7,13
973,Ornithorhynchus anatinus,22,20,17,6,7,17,17,5
974,Pycnonotus barbatus,22,15,29,22,7,13,12,9
975,Aepyceros mylampus,22,6,23,5,10,5,24,28
976,Creagrus furcatus,22,23,2,6,14,26,19,11
977,Gazella thompsonii,22,13,2,12,14,10,10,4
978,Ara ararauna,22,25,6,4,7,5,13,17
979,Corythornis cristata,22,24,28,8,22,21,25,25
980,Pelecanus occidentalis,22,29,6,20,5,29,30,24
981,Phoenicopterus ruber,22,9,17,31,10,10,23,16
982,Thalasseus maximus,22,15,7,15,13,20,25,12
983,Myrmecobius fasciatus,22,4,12,14,2,25,19,19
984,Ardea cinerea,22,15,9,15,12,13,21,23
985,Mirounga leonina,22,13,22,6,14,1,28,2
986,Ciconia ciconia,22,21,4,29,25,28,7,13
987,Phalacrocorax brasilianus,22,6,24,20,26,18,4,19
988,Mirounga angustirostris,22,12,12,23,21,15,23,25
989,Semnopithecus entellus,22,8,9,23,3,10,4,21
990,Phaethon aethereus,22,1,12,5,18,26,26,20
991,unavailable,22,17,23,31,27,22,20,10
992,Iguana iguana,22,18,17,22,17,3,15,27
993,Francolinus swainsonii,22,21,31,12,31,21,14,2
994,Lepilemur rufescens,22,10,12,14,15,24,20,12
995,Papilio canadensis,22,4,31,1,10,22,11,22
996,Diceros bicornis,22,21,23,10,3,28,9,9
997,Macaca nemestrina,22,11,13,25,1,9,5,28
998,Uraeginthus granatina,22,16,7,3,8,17,19,28
999,Eudromia elegans,22,18,2,18,27,15,29,1
1000,unavailable,22,16,23,28,13,28,9,19
